{
  "reach_marginal": {
    "Youtube": 0.001019,
    "GFA": 0.000104,
    "SMR": 0.020431,
    "Kakao": 0.019252,
    "TV": 0.445124
  },
  "reach_union": 0.462782
}