{
  "reach_marginal": {
    "Youtube": 0.321364,
    "Instagram": 0.349418,
    "SMR": 0.082399,
    "TV": 0.110537
  },
  "reach_union": 0.639722
}
